{
  "metadata": {
    "version": "Agent_V2_Optimized",
    "total": 51,
    "timestamp": "2026-04-21 16:10:16"
  },
  "metrics": {
    "avg_score": 4.307189542483661,
    "hit_rate": 0.8431372549019608,
    "agreement_rate": 0.9607843137254902
  }
}